{"cameraMode":{"drawMode":0,"name":"Shaded","section":"Shading Mode"},"sceneLighting":true,"audioPlay":false,"sceneViewState":{"showFog":true,"showMaterialUpdate":false,"showSkybox":true,"showFlares":true,"showImageEffects":true,"showParticleSystems":true},"in2DMode":false,"pivot":{"x":1.2451229095458985,"y":-1.0236550569534302,"z":5.947902679443359},"rotation":{"x":0.09384042769670487,"y":-0.7695199251174927,"z":0.11630114167928696,"w":0.6208921670913696},"size":48.560916900634769,"orthographic":false}