{"cameraMode":{"drawMode":0,"name":"Shaded","section":"Shading Mode"},"sceneLighting":true,"audioPlay":false,"sceneViewState":{"showFog":true,"showMaterialUpdate":false,"showSkybox":true,"showFlares":true,"showImageEffects":true,"showParticleSystems":true},"in2DMode":false,"pivot":{"x":1.1920928955078126e-7,"y":0.09263873100280762,"z":5.960464477539063e-8},"rotation":{"x":-0.22205331921577454,"y":0.6659101843833923,"z":-0.2180919498205185,"w":-0.6780058741569519},"size":58.91410446166992,"orthographic":false}