{"cameraMode":{"drawMode":0,"name":"Shaded","section":"Shading Mode"},"sceneLighting":false,"audioPlay":false,"sceneViewState":{"showFog":true,"showMaterialUpdate":false,"showSkybox":false,"showFlares":true,"showImageEffects":true,"showParticleSystems":true},"in2DMode":false,"pivot":{"x":-0.00014844536781311035,"y":0.30000001192092898,"z":4.440000057220459},"rotation":{"x":0.152235209941864,"y":0.04654425010085106,"z":-0.00717861857265234,"w":0.9872217178344727},"size":2.720935821533203,"orthographic":false}